id,sha,parent-sha,date-recorded
www-gov-uk-guidance-national-lockdown-stay-at-home,6d9d79d548f3b838715638491ea80a345a2d83fb,c70218943a6c03883ffb8f909d0b937b9097eea8,2021-03-30T15:59:17Z
www-gov-uk-guidance-national-lockdown-stay-at-home,58ab07bd1c8183d2cdce525200670d062fa9cf26,6d9d79d548f3b838715638491ea80a345a2d83fb,2021-03-31T15:20:55Z
www-gov-uk-guidance-national-lockdown-stay-at-home,ca677ab1c4d3e68ebb9a9a23a7f97e25183b98be,58ab07bd1c8183d2cdce525200670d062fa9cf26,2021-03-31T23:20:16Z
www-gov-uk-guidance-national-lockdown-stay-at-home,88e55922fd9a16e63a57c3d92cc92e9511c92981,ca677ab1c4d3e68ebb9a9a23a7f97e25183b98be,2021-04-01T15:20:56Z
www-gov-uk-guidance-national-lockdown-stay-at-home,55a5ea45d6fafca5ca009f1b78e891f8ee0a3c68,88e55922fd9a16e63a57c3d92cc92e9511c92981,2021-04-02T16:36:26Z
www-gov-uk-guidance-national-lockdown-stay-at-home,24f1c1215f778f80892d576fe30af7738037ddb3,55a5ea45d6fafca5ca009f1b78e891f8ee0a3c68,2021-04-05T16:36:51Z
www-gov-uk-guidance-national-lockdown-stay-at-home,e4634a43ce749c75461b1c5f3723e71577bd871d,24f1c1215f778f80892d576fe30af7738037ddb3,2021-04-06T15:21:22Z
www-gov-uk-guidance-national-lockdown-stay-at-home,a93e498b3285629397f47a60fb3e9805670f9e82,3bdf9801cc9212b57d77c32b9b6cadf475dc4c35,2021-04-09T13:26:01Z
www-gov-uk-guidance-national-lockdown-stay-at-home,9d5550a710b4543bfee7a645e8ece3426671c2aa,a93e498b3285629397f47a60fb3e9805670f9e82,2021-04-11T23:20:41Z
www-gov-uk-guidance-national-lockdown-stay-at-home,16c09583fac826a9a86ba872a9d3bdb193e6dcb9,9d5550a710b4543bfee7a645e8ece3426671c2aa,2021-04-12T12:29:15Z
www-gov-uk-guidance-national-lockdown-stay-at-home,e356eda08d9f6c23a539f328926021bfdc8f866c,16c09583fac826a9a86ba872a9d3bdb193e6dcb9,2021-04-12T13:27:25Z
www-gov-uk-guidance-national-lockdown-stay-at-home,e3a423b5164cb7ab6105cef2d6cfb4b760f2c445,e356eda08d9f6c23a539f328926021bfdc8f866c,2021-04-12T16:35:15Z
